{
  "name": "designer",
  "private": true,
  "dependencies": {
    "webcomponentsjs": "Polymer/webcomponentsjs#master",
    "code-mirror": "PolymerLabs/code-mirror#master",
    "github-elements": "PolymerLabs/github-elements#master",
    "x-meta": "PolymerLabs/x-meta#master",
    "inspector-elements": "PolymerLabs/inspector-elements#master",
    "core-elements": "Polymer/core-elements#master",
    "paper-elements": "Polymer/paper-elements#master",
    "paper-calculator": "Polymer/paper-calculator#master",
    "topeka-elements": "Polymer/topeka-elements#master",
    "more-elements": "Polymer/more-elements#master"
  },
  "homepage": "https://github.com/ASQ-USI/asq-designer",
  "_release": "0f2db0d6fe",
  "_resolution": {
    "type": "branch",
    "branch": "master",
    "commit": "0f2db0d6fe2875a05672fce7b271b4524ac720b5"
  },
  "_source": "git@github.com:ASQ-USI/asq-designer.git",
  "_target": "*",
  "_originalSource": "git@github.com:ASQ-USI/asq-designer.git"
}